{
  "rectData": [],
  "anchorData": [
    {
      "startID": "anchor_0",
      "startX": 190,
      "startY": 120,
      "endID": "anchor_2",
      "endX": 510,
      "endY": 100
    },
    {
      "startID": "anchor_2",
      "startX": 510,
      "startY": 100,
      "endID": "anchor_4",
      "endX": 348.90277099609375,
      "endY": 468.68055725097656
    },
    {
      "startID": "anchor_0",
      "startX": 190,
      "startY": 120,
      "endID": "anchor_4",
      "endX": 348.90277099609375,
      "endY": 468.68055725097656
    }
  ]
}